Genre,Word
rap,shit
rap,bitch
rap,fuck
rap,nigga
rap,back
rap,never
rap,niggas
rap,love
rap,one
rap,time
rap,let
rap,cause
rap,life
rap,way
rap,money
rap,keep
rap,right
rap,still
rap,really
rap,look
rap,hit
rap,even
rap,real
rap,tryna
rap,day
rap,call
rap,better
rap,fucking
rap,new
rap,every
rap,always
rap,god
rap,mind
rap,good
rap,ass
rap,big
rap,stay
rap,run
rap,around
rap,people
rap,bitches
rap,stop
rap,bad
rap,made
rap,head
rap,getting
rap,going
rap,hard
rap,face
rap,told
rap,night
rap,talk
rap,leave
rap,play
rap,ever
rap,world
rap,show
rap,try
rap,game
rap,gone
rap,pull
rap,damn
rap,yall
rap,high
rap,heart
rap,live
rap,two
rap,away
rap,done
rap,feeling
rap,much
rap,lil
rap,little
rap,die
rap,beat
rap,top
rap,name
rap,watch
rap,aye
rap,bout
rap,yea
rap,hate
rap,hold
rap,young
rap,turn
rap,black
rap,find
rap,whole
rap,work
rap,best
rap,rap
rap,ride
rap,ama
rap,long
rap,thing
rap,left
rap,another
rap,eyes
rap,talking
rap,cuz
misc,one
misc,time
misc,well
misc,good
misc,people
misc,never
misc,back
misc,day
misc,way
misc,little
misc,upon
misc,made
misc,two
misc,life
misc,first
misc,let
misc,love
misc,even
misc,much
misc,great
misc,right
misc,god
misc,every
misc,still
misc,world
misc,men
misc,old
misc,long
misc,new
misc,away
misc,many
misc,without
misc,look
misc,going
misc,night
misc,thought
misc,eyes
misc,another
misc,hand
misc,also
misc,thou
misc,ever
misc,last
misc,house
misc,though
misc,place
misc,always
misc,thing
misc,face
misc,head
misc,work
misc,years
misc,heart
misc,mind
misc,father
misc,three
misc,left
misc,find
misc,thy
misc,young
misc,sir
misc,found
misc,light
misc,better
misc,lord
misc,name
misc,really
misc,part
misc,home
misc,room
misc,far
misc,yes
misc,took
misc,state
misc,around
misc,king
misc,woman
misc,done
misc,end
misc,told
misc,white
misc,mother
misc,whole
misc,power
misc,hands
misc,thee
misc,heard
misc,door
misc,words
misc,mrs
misc,keep
misc,side
misc,since
misc,looked
misc,seen
misc,death
misc,called
misc,best
misc,black
misc,enough
pop,love
pop,time
pop,one
pop,let
pop,never
pop,way
pop,back
pop,life
pop,away
pop,heart
pop,right
pop,night
pop,day
pop,world
pop,keep
pop,still
pop,eyes
pop,good
pop,mind
pop,every
pop,cause
pop,always
pop,find
pop,look
pop,around
pop,little
pop,long
pop,ever
pop,home
pop,well
pop,hold
pop,better
pop,light
pop,alone
pop,stay
pop,really
pop,leave
pop,pre
pop,even
pop,try
pop,head
pop,gone
pop,much
pop,hear
pop,call
pop,tonight
pop,stop
pop,run
pop,fall
pop,new
pop,inside
pop,going
pop,live
pop,god
pop,believe
pop,left
pop,lost
pop,face
pop,made
pop,feeling
pop,another
pop,turn
pop,end
pop,thing
pop,show
pop,place
pop,last
pop,hard
pop,without
pop,people
pop,sun
pop,please
pop,maybe
pop,break
pop,name
pop,free
pop,bad
pop,dream
pop,high
pop,thought
pop,hope
pop,soul
pop,wrong
pop,enough
pop,old
pop,change
pop,hand
pop,fire
pop,dance
pop,far
pop,someone
pop,die
pop,true
pop,forever
pop,waiting
pop,play
pop,side
pop,real
pop,two
pop,walk
rock,time
rock,love
rock,never
rock,one
rock,let
rock,way
rock,life
rock,away
rock,back
rock,world
rock,night
rock,day
rock,eyes
rock,right
rock,heart
rock,mind
rock,still
rock,find
rock,every
rock,keep
rock,well
rock,always
rock,around
rock,light
rock,home
rock,inside
rock,long
rock,end
rock,look
rock,head
rock,alone
rock,left
rock,ever
rock,good
rock,cause
rock,lost
rock,little
rock,die
rock,gone
rock,face
rock,better
rock,hear
rock,leave
rock,fall
rock,live
rock,another
rock,pre
rock,try
rock,run
rock,dead
rock,stay
rock,going
rock,last
rock,hold
rock,god
rock,much
rock,place
rock,made
rock,pain
rock,believe
rock,new
rock,fire
rock,break
rock,blood
rock,soul
rock,sun
rock,call
rock,even
rock,turn
rock,really
rock,death
rock,stop
rock,free
rock,hard
rock,tonight
rock,hope
rock,far
rock,coming
rock,without
rock,people
rock,old
rock,feeling
rock,wrong
rock,thing
rock,please
rock,change
rock,words
rock,fight
rock,show
rock,hand
rock,thought
rock,name
rock,days
rock,sky
rock,cold
rock,dark
rock,hands
rock,hell
rock,dream
rock,stand
rb,love
rb,let
rb,time
rb,one
rb,never
rb,way
rb,right
rb,back
rb,cause
rb,keep
rb,life
rb,good
rb,heart
rb,night
rb,mind
rb,away
rb,day
rb,really
rb,still
rb,always
rb,pre
rb,every
rb,stay
rb,shit
rb,even
rb,better
rb,around
rb,look
rb,fuck
rb,call
rb,ever
rb,leave
rb,show
rb,hold
rb,find
rb,real
rb,long
rb,feeling
rb,world
rb,little
rb,much
rb,eyes
rb,thing
rb,body
rb,stop
rb,going
rb,alone
rb,gone
rb,bad
rb,home
rb,try
rb,please
rb,tryna
rb,tonight
rb,made
rb,new
rb,play
rb,hard
rb,talk
rb,well
rb,thought
rb,high
rb,fall
rb,god
rb,wrong
rb,head
rb,hit
rb,money
rb,side
rb,believe
rb,done
rb,nigga
rb,enough
rb,without
rb,told
rb,babe
rb,run
rb,maybe
rb,ride
rb,turn
rb,hear
rb,inside
rb,left
rb,yea
rb,another
rb,change
rb,crazy
rb,live
rb,wait
rb,move
rb,face
rb,break
rb,work
rb,lost
rb,yes
rb,people
rb,name
rb,care
rb,last
rb,looking
country,love
country,one
country,time
country,never
country,back
country,way
country,let
country,little
country,heart
country,night
country,well
country,good
country,right
country,home
country,old
country,day
country,away
country,long
country,life
country,still
country,every
country,around
country,keep
country,gone
country,ever
country,world
country,always
country,find
country,eyes
country,mind
country,cause
country,look
country,town
country,better
country,left
country,thing
country,last
country,made
country,hold
country,lord
country,much
country,leave
country,hear
country,going
country,call
country,hard
country,tonight
country,road
country,song
country,even
country,two
country,blue
country,god
country,another
country,alone
country,light
country,hand
country,new
country,sun
country,run
country,stay
country,place
country,turn
country,sweet
country,big
country,lost
country,done
country,fall
country,days
country,name
country,high
country,wrong
country,head
country,live
country,country
country,thought
country,sing
country,try
country,cold
country,break
country,end
country,believe
country,walk
country,true
country,found
country,side
country,really
country,face
country,door
country,enough
country,hell
country,wish
country,someone
country,used
country,ride
country,far
country,knew
country,maybe
country,without
country,free
